"Call Tree","Time (ms)","Level"
"<All threads>","265236","1"
"<...> java.lang.Thread.run()","135766","2"
"<10 calls> StandardEngineValve.java:74 org.wso2.carbon.tomcat.ext.valves.RequestCorrelationIdValve.invoke(Request, Response)","3834","3"
"RequestCorrelationIdValve.java:119 org.wso2.carbon.tomcat.ext.valves.RequestEncodingValve.invoke(Request, Response)","3834","4"
"RequestEncodingValve.java:49 org.wso2.carbon.tomcat.ext.valves.CarbonContextCreatorValve.invoke(Request, Response)","3834","5"
"CarbonContextCreatorValve.java:57 org.apache.catalina.valves.AbstractAccessLogValve.invoke(Request, Response)","3810","6"
"AbstractAccessLogValve.java:690 org.wso2.carbon.tomcat.ext.valves.CarbonStuckThreadDetectionValve.invoke(Request, Response)","3810","7"
"CarbonStuckThreadDetectionValve.java:145 org.wso2.carbon.tomcat.ext.valves.CompositeValve.invoke(Request, Response)","3810","8"
"CompositeValve.java:62 org.wso2.carbon.tomcat.ext.valves.TomcatValveContainer.invokeValves(Request, Response, CompositeValve)","3810","9"
"TomcatValveContainer.java:49 org.wso2.carbon.tomcat.ext.valves.CompositeValve.continueInvocation(Request, Response)","3810","10"
"CompositeValve.java:99 org.wso2.carbon.identity.auth.valve.AuthenticationValve.invoke(Request, Response)","3810","11"
"AuthenticationValve.java:101 org.wso2.carbon.identity.authz.valve.AuthorizationValve.invoke(Request, Response)","3790","12"
"AuthorizationValve.java:110 org.wso2.carbon.identity.context.rewrite.valve.TenantContextRewriteValve.invoke(Request, Response)","3790","13"
"TenantContextRewriteValve.java:86 <...> org.apache.catalina.valves.ErrorReportValve.invoke(Request, Response)","3750","14"
"<9 calls> ApplicationFilterChain.java:193 org.wso2.carbon.tomcat.ext.filter.CharacterSetFilter.doFilter(ServletRequest, ServletResponse, FilterChain)","3098","15"
"CharacterSetFilter.java:65 <...> org.apache.catalina.core.ApplicationFilterChain.doFilter(ServletRequest, ServletResponse)","3098","16"
"<10 calls> ApplicationFilterChain.java:231 org.wso2.carbon.tomcat.ext.servlet.DelegationServlet.service(ServletRequest, ServletResponse)","3098","17"
"DelegationServlet.java:68 <...> javax.servlet.http.HttpServlet.service(ServletRequest, ServletResponse)","3098","18"
"<5 calls> HttpServlet.java:660 org.wso2.carbon.core.transports.CarbonServlet.doPost(HttpServletRequest, HttpServletResponse)","3098","19"
"CarbonServlet.java:238 <...> org.apache.axis2.transport.http.AxisServlet.doPost(HttpServletRequest, HttpServletResponse)","3098","20"
"<12 calls> NativeMethodAccessorImpl.java (native) org.wso2.carbon.identity.application.authenticator.totp.services.TOTPAdminService.initTOTP(String, AuthenticationContext)","1953","21"
"TOTPAdminService.java:60 org.wso2.carbon.identity.application.authenticator.totp.TOTPKeyGenerator.generateClaims(String, boolean, AuthenticationContext)","1229","22"
"TOTPKeyGenerator.java:65 org.wso2.carbon.user.core.common.AbstractUserStoreManager.getUserClaimValues(String, String[], String)","1025","23"
"AbstractUserStoreManager.java:1769 org.wso2.carbon.user.core.common.AbstractUserStoreManager.callSecure(String, Object[], Class[])","1025","24"
"AbstractUserStoreManager.java:194 java.security.AccessController.doPrivileged(PrivilegedExceptionAction)","1025","25"
"AccessController.java (native) org.wso2.carbon.user.core.common.AbstractUserStoreManager$2.run()","1025","26"
"AbstractUserStoreManager.java:197 <...> java.lang.reflect.Method.invoke(Object, Object[])","1025","27"
"<3 calls> NativeMethodAccessorImpl.java (native) org.wso2.carbon.user.core.common.AbstractUserStoreManager.getUserClaimValues(String, String[], String)","1025","28"
"AbstractUserStoreManager.java:1775 org.wso2.carbon.user.core.common.AbstractUserStoreManager.getUserClaimValues(String, String[], String)","1025","29"
"AbstractUserStoreManager.java:1787 org.wso2.carbon.user.core.jdbc.JDBCUserStoreManager.doCheckExistingUser(String)","989","30"
"JDBCUserStoreManager.java:1268 org.wso2.carbon.user.core.jdbc.JDBCUserStoreManager.isValueExisting(String, Connection, Object[])","989","31"
"JDBCUserStoreManager.java:1217 org.wso2.carbon.user.core.jdbc.JDBCUserStoreManager.getDBConnection()","858","32"
"JDBCUserStoreManager.java:1194 <...> org.apache.tomcat.jdbc.pool.DataSourceProxy.getConnection()","858","33"
"JDBCUserStoreManager.java:1220 org.wso2.carbon.user.core.util.DatabaseUtil.getIntegerValueFromDatabase(Connection, String, Object[])","131","32"
"DatabaseUtil.java:826 <...> com.sun.proxy.$Proxy53.prepareStatement(String)","78","33"
"[SQL] SELECT UM_ID FROM UM_USER WHERE UM_USER_NAME=? AND UM_TENANT_ID=?","78","34"
"DatabaseUtil.java:839 <...> com.sun.proxy.$Proxy54.executeQuery()","32","33"
"[SQL] SELECT UM_ID FROM UM_USER WHERE UM_USER_NAME=? AND UM_TENANT_ID=?","32","34"
"DatabaseUtil.java:833 <...> com.sun.proxy.$Proxy54.setString(int, String)","20","33"
"AbstractUserStoreManager.java:1823 org.wso2.carbon.identity.mgt.listener.IdentityUserIdResolverListener.doPostGetUserClaimValues(String, String[], String, Map, UserStoreManager)","20","30"
"IdentityUserIdResolverListener.java:878 org.wso2.carbon.user.core.common.AbstractUserStoreManager.getUserIDFromUserName(String)","20","31"
"AbstractUserStoreManager.java:11855 org.wso2.carbon.user.core.common.AbstractUserStoreManager.doGetUserClaimValues(String, String[], String, String)","20","32"
"AbstractUserStoreManager.java:7417 org.wso2.carbon.user.core.jdbc.JDBCUserStoreManager.getUserPropertyValues(String, String[], String)","20","33"
"JDBCUserStoreManager.java:1039 org.wso2.carbon.user.core.jdbc.JDBCUserStoreManager.getDBConnection()","20","34"
"JDBCUserStoreManager.java:1196 <...> com.sun.proxy.$Proxy53.getTransactionIsolation()","20","35"
"AbstractUserStoreManager.java:1823 org.wso2.carbon.identity.governance.listener.IdentityStoreEventListener.doPostGetUserClaimValues(String, String[], String, Map, UserStoreManager)","16","30"
"IdentityStoreEventListener.java:248 org.wso2.carbon.identity.governance.store.JDBCIdentityDataStore.load(String, UserStoreManager)","16","31"
"JDBCIdentityDataStore.java:195 org.wso2.carbon.identity.governance.store.InMemoryIdentityDataStore.load(String, UserStoreManager)","16","32"
"InMemoryIdentityDataStore.java:125 org.wso2.carbon.identity.governance.store.InMemoryIdentityDataStore.getCache()","16","33"
"InMemoryIdentityDataStore.java:48 <...> java.lang.ClassLoader.loadClass(String)","16","34"
"TOTPKeyGenerator.java:60 <...> java.lang.ClassLoader.loadClass(String)","64","23"
"TOTPKeyGenerator.java:75 org.wso2.carbon.identity.application.authenticator.totp.util.TOTPUtil.decrypt(String)","52","23"
"TOTPUtil.java:92 org.wso2.carbon.core.util.CryptoUtil.base64DecodeAndDecrypt(String)","40","24"
"CryptoUtil.java:329 org.wso2.carbon.core.util.CryptoUtil.decrypt(byte[])","40","25"
"CryptoUtil.java:259 org.wso2.carbon.crypto.impl.DefaultCryptoService.decrypt(byte[], String, String)","40","26"
"DefaultCryptoService.java:132 org.wso2.carbon.crypto.provider.KeyStoreBasedInternalCryptoProvider.decrypt(byte[], String, String)","40","27"
"KeyStoreBasedInternalCryptoProvider.java:137 javax.crypto.Cipher.doFinal(byte[])","20","28"
"Cipher.java:2168 org.bouncycastle.jcajce.provider.asymmetric.rsa.CipherSpi.engineDoFinal(byte[], int, int)","20","29"
"org.bouncycastle.jcajce.provider.asymmetric.rsa.CipherSpi.getOutput()","20","30"
"org.bouncycastle.crypto.encodings.OAEPEncoding.processBlock(byte[], int, int)","20","31"
"org.bouncycastle.crypto.encodings.OAEPEncoding.decodeBlock(byte[], int, int)","20","32"
"org.bouncycastle.crypto.engines.RSABlindedEngine.processBlock(byte[], int, int)","20","33"
"org.bouncycastle.crypto.engines.RSACoreEngine.processBlock(BigInteger)","20","34"
"<...> java.math.BigInteger.modPow(BigInteger, BigInteger)","20","35"
"KeyStoreBasedInternalCryptoProvider.java:127 <...> javax.crypto.Cipher.getInstance(String, String)","20","28"
"<6 calls> NativeConstructorAccessorImpl.java (native) org.bouncycastle.jcajce.provider.asymmetric.rsa.CipherSpi$NoPadding.<init>()","20","29"
"org.bouncycastle.jcajce.provider.asymmetric.rsa.CipherSpi.<init>(AsymmetricBlockCipher)","20","30"
"org.bouncycastle.jcajce.provider.asymmetric.util.BaseCipherSpi.<init>()","20","31"
"org.bouncycastle.jcajce.util.BCJcaJceHelper.<init>()","20","32"
"org.bouncycastle.jcajce.util.BCJcaJceHelper.getBouncyCastleProvider()","20","33"
"<...> java.security.Security.getProvider(String)","20","34"
"TOTPUtil.java:92 <...> java.lang.ClassLoader.loadClass(String)","12","24"
"TOTPKeyGenerator.java:86 <...> java.lang.ClassLoader.loadClass(String)","40","23"
"TOTPKeyGenerator.java:69 <...> java.lang.ClassLoader.loadClass(String)","24","23"
"TOTPKeyGenerator.java:60","24","23"
"TOTPAdminService.java:61 org.wso2.carbon.identity.application.authenticator.totp.TOTPKeyGenerator.addTOTPClaimsAndRetrievingQRCodeURL(Map, String, AuthenticationContext)","708","22"
"TOTPKeyGenerator.java:134 org.wso2.carbon.user.core.common.AbstractUserStoreManager.setUserClaimValues(String, Map, String)","708","23"
"AbstractUserStoreManager.java:3978 org.wso2.carbon.user.core.common.AbstractUserStoreManager.setUserClaimValues(String, Map, String)","708","24"
"AbstractUserStoreManager.java:4057 org.wso2.carbon.identity.entitlement.listener.CacheClearingUserOperationListener.doPostSetUserClaimValues(String, Map, String, UserStoreManager)","212","25"
"CacheClearingUserOperationListener.java:125 org.wso2.carbon.identity.entitlement.listener.CacheClearingUserOperationListener.clearCarbonAttributeCache()","212","26"
"CacheClearingUserOperationListener.java:303 org.wso2.carbon.identity.entitlement.pdp.EntitlementEngine.getInstance()","172","27"
"EntitlementEngine.java:127 org.wso2.carbon.identity.entitlement.pdp.EntitlementEngine.<init>(int)","172","28"
"EntitlementEngine.java:207 org.wso2.carbon.identity.entitlement.pdp.EntitlementEngine.setUPPolicyFinder()","60","29"
"EntitlementEngine.java:680 org.wso2.balana.finder.PolicyFinder.init()","60","30"
"PolicyFinder.java:149 org.wso2.carbon.identity.entitlement.policy.finder.CarbonPolicyFinder.init(PolicyFinder)","60","31"
"CarbonPolicyFinder.java:87 org.wso2.carbon.identity.entitlement.policy.finder.CarbonPolicyFinder.init()","60","32"
"CarbonPolicyFinder.java:137 <...> java.lang.ClassLoader.loadClass(String)","20","33"
"CarbonPolicyFinder.java:174 org.ops4j.pax.logging.jcl.JclLogger.info(Object)","20","33"
"CarbonPolicyFinder.java:156 org.wso2.carbon.identity.entitlement.policy.store.DefaultPolicyDataStore.getGlobalPolicyAlgorithm()","20","33"
"DefaultPolicyDataStore.java:65 org.wso2.carbon.registry.core.session.UserRegistry.resourceExists(String)","20","34"
"UserRegistry.java:766 java.security.AccessController.doPrivileged(PrivilegedExceptionAction)","20","35"
"AccessController.java (native) org.wso2.carbon.registry.core.session.UserRegistry$9.run()","20","36"
"UserRegistry.java:766 org.wso2.carbon.registry.core.session.UserRegistry$9.run()","20","37"
"UserRegistry.java:769 org.wso2.carbon.registry.core.session.UserRegistry.access$800(UserRegistry, String)","20","38"
"UserRegistry.java:73 org.wso2.carbon.registry.core.session.UserRegistry.resourceExistsInternal(String)","20","39"
"UserRegistry.java:786 org.wso2.carbon.registry.core.caching.CacheBackedRegistry.resourceExists(String)","20","40"
"CacheBackedRegistry.java:376 org.wso2.carbon.registry.core.jdbc.EmbeddedRegistry.resourceExists(String)","20","41"
"EmbeddedRegistry.java:639 org.wso2.carbon.registry.core.jdbc.EmbeddedRegistry.beginTransaction()","20","42"
"EmbeddedRegistry.java:443 org.wso2.carbon.registry.core.jdbc.dataaccess.JDBCTransactionManager.beginTransaction()","20","43"
"JDBCTransactionManager.java:83 <...> org.apache.tomcat.jdbc.pool.DataSourceProxy.getConnection()","20","44"
"<3 calls> ConnectionState.java:90 org.h2.jdbc.JdbcConnection.setAutoCommit(boolean)","20","45"
"JdbcConnection.java:503 org.h2.jdbc.JdbcConnection.commit()","20","46"
"JdbcConnection.java:542 org.h2.command.Command.executeUpdate(Object)","20","47"
"Command.java:249","20","48"
"EntitlementEngine.java:244 org.wso2.carbon.identity.entitlement.policy.search.PolicySearch.<init>(boolean, int)","28","29"
"PolicySearch.java:75 <...> java.lang.ClassLoader.loadClass(String)","28","30"
"EntitlementEngine.java:205 org.wso2.carbon.identity.entitlement.pdp.EntitlementEngine.setUpAttributeFinders()","24","29"
"EntitlementEngine.java:630 org.wso2.carbon.identity.entitlement.pip.CarbonAttributeFinder.init()","24","30"
"CarbonAttributeFinder.java:91 <...> java.lang.ClassLoader.loadClass(String)","24","31"
"EntitlementEngine.java:263 org.wso2.balana.PDP.<init>(PDPConfig)","20","29"
"PDP.java:97 org.wso2.balana.finder.PolicyFinder.init()","20","30"
"PolicyFinder.java:149 org.wso2.carbon.identity.entitlement.pap.store.PAPPolicyFinder.init(PolicyFinder)","20","31"
"PAPPolicyFinder.java:105 <...> java.lang.ClassLoader.loadClass(String)","20","32"
"EntitlementEngine.java:276 org.wso2.balana.PDP.<init>(PDPConfig)","20","29"
"PDP.java:97 org.wso2.balana.finder.PolicyFinder.init()","20","30"
"PolicyFinder.java:149 org.wso2.carbon.identity.entitlement.policy.finder.CarbonPolicyFinder.init(PolicyFinder)","20","31"
"CarbonPolicyFinder.java:87 org.wso2.carbon.identity.entitlement.policy.finder.CarbonPolicyFinder.init()","20","32"
"CarbonPolicyFinder.java:162 org.wso2.carbon.identity.entitlement.policy.store.RegistryPolicyStoreManageModule.getActivePolicies()","20","33"
"RegistryPolicyStoreManageModule.java:226 org.wso2.carbon.identity.entitlement.policy.finder.registry.RegistryPolicyReader.readAllPolicies(boolean, boolean)","20","34"
"EntitlementEngine.java:206 org.wso2.carbon.identity.entitlement.pdp.EntitlementEngine.setUpResourceFinders()","20","29"
"EntitlementEngine.java:655 <...> java.lang.ClassLoader.loadClass(String)","20","30"
"CacheClearingUserOperationListener.java:303 <...> java.lang.ClassLoader.loadClass(String)","20","27"
"CacheClearingUserOperationListener.java:303","20","27"
"AbstractUserStoreManager.java:4012 org.wso2.carbon.identity.mgt.listener.IdentityUserIdResolverListener.doPreSetUserClaimValues(String, Map, String, UserStoreManager)","200","25"
"IdentityUserIdResolverListener.java:391 org.wso2.carbon.identity.scim2.common.listener.SCIMUserOperationListener.doPreSetUserClaimValuesWithID(String, Map, String, UserStoreManager)","200","26"
"SCIMUserOperationListener.java:161 org.wso2.charon3.core.utils.AttributeUtil.formatDateTime(Instant)","96","27"
"AttributeUtil.java:152 <...> java.time.Instant.toString()","96","28"
"SCIMUserOperationListener.java:162 org.wso2.carbon.identity.scim2.common.utils.SCIMCommonUtils.getSCIMtoLocalMappings()","64","27"
"SCIMCommonUtils.java:270 <...> java.lang.ClassLoader.loadClass(String)","24","28"
"SCIMCommonUtils.java:285 <...> java.lang.ClassLoader.loadClass(String)","20","28"
"SCIMCommonUtils.java:265 org.wso2.carbon.identity.scim2.common.utils.SCIMCommonUtils.getTenantDomainFromSP()","20","28"
"SCIMCommonUtils.java:304 <...> java.lang.ClassLoader.loadClass(String)","20","29"
"SCIMUserOperationListener.java:161 <...> java.lang.ClassLoader.loadClass(String)","40","27"
"AbstractUserStoreManager.java:4012 org.wso2.carbon.identity.provisioning.listener.DefaultInboundUserProvisioningListener.doPreSetUserClaimValues(String, Map, String, UserStoreManager)","140","25"
"DefaultInboundUserProvisioningListener.java:207 org.wso2.carbon.identity.provisioning.OutboundProvisioningManager.provision(ProvisioningEntity, String, String, String, boolean)","120","26"
"OutboundProvisioningManager.java:391 org.wso2.carbon.identity.application.mgt.ApplicationManagementServiceImpl.getServiceProvider(String, String)","120","27"
"ApplicationManagementServiceImpl.java:1009 org.wso2.carbon.identity.application.mgt.dao.impl.CacheBackedApplicationDAO.getApplication(String, String)","120","28"
"CacheBackedApplicationDAO.java:88 org.wso2.carbon.identity.application.mgt.dao.impl.ApplicationDAOImpl.getApplication(String, String)","120","29"
"ApplicationDAOImpl.java:1785 org.wso2.carbon.identity.application.mgt.dao.impl.ApplicationDAOImpl.getApplication(int)","120","30"
"ApplicationDAOImpl.java:2137 org.wso2.carbon.identity.application.mgt.dao.impl.ApplicationDAOImpl.loadApplicationPermissions(String, ServiceProvider)","100","31"
"ApplicationDAOImpl.java:4452 org.wso2.carbon.identity.application.mgt.ApplicationMgtUtil.loadPermissions(String)","100","32"
"ApplicationMgtUtil.java:487 org.wso2.carbon.registry.core.session.UserRegistry.resourceExists(String)","100","33"
"UserRegistry.java:766 java.security.AccessController.doPrivileged(PrivilegedExceptionAction)","100","34"
"AccessController.java (native) org.wso2.carbon.registry.core.session.UserRegistry$9.run()","100","35"
"UserRegistry.java:766 org.wso2.carbon.registry.core.session.UserRegistry$9.run()","100","36"
"UserRegistry.java:769 org.wso2.carbon.registry.core.session.UserRegistry.access$800(UserRegistry, String)","100","37"
"UserRegistry.java:73 org.wso2.carbon.registry.core.session.UserRegistry.resourceExistsInternal(String)","100","38"
"UserRegistry.java:786 org.wso2.carbon.registry.core.caching.CacheBackedRegistry.resourceExists(String)","100","39"
"CacheBackedRegistry.java:376 org.wso2.carbon.registry.core.jdbc.EmbeddedRegistry.resourceExists(String)","100","40"
"EmbeddedRegistry.java:645 org.wso2.carbon.registry.core.jdbc.handlers.HandlerLifecycleManager.resourceExists(RequestContext)","60","41"
"EmbeddedRegistry.java:639 org.wso2.carbon.registry.core.jdbc.EmbeddedRegistry.beginTransaction()","40","41"
"ApplicationDAOImpl.java:2099 org.wso2.carbon.identity.application.mgt.dao.impl.ApplicationDAOImpl.getLocalAndOutboundAuthenticationConfig(int, Connection, int, List)","20","31"
"ApplicationDAOImpl.java:2745 org.wso2.carbon.identity.application.mgt.dao.impl.ApplicationDAOImpl.getAuthenticationType(int, Connection)","20","32"
"ApplicationDAOImpl.java:2261 <...> com.sun.proxy.$Proxy53.prepareStatement(String)","20","33"
"<16 calls> org.h2.jdbc.JdbcConnection.prepareStatement(String)","20","34"
"JdbcConnection.java:349 org.h2.jdbc.JdbcPreparedStatement.<init>(JdbcConnection, String, int, int, int, boolean, Object)","20","35"
"JdbcPreparedStatement.java:77 org.h2.jdbc.JdbcConnection.prepareCommand(String, int)","20","36"
"JdbcConnection.java:1292 org.h2.engine.Session.prepareCommand(String, int)","20","37"
"Session.java:565 org.h2.engine.Session.prepareLocal(String)","20","38"
"Session.java:627 org.h2.command.Parser.prepareCommand(String)","20","39"
"[SQL] SELECT AUTH_TYPE FROM SP_APP WHERE ID = ? AND TENANT_ID = ?","5","34"
"DefaultInboundUserProvisioningListener.java:206 <...> java.lang.ClassLoader.loadClass(String)","20","26"
"AbstractUserStoreManager.java:4044 org.wso2.carbon.user.core.jdbc.JDBCUserStoreManager.doSetUserClaimValues(String, Map, String)","56","25"
"JDBCUserStoreManager.java:2231 org.wso2.carbon.user.core.common.AbstractUserStoreManager.doSetUserClaimValues(String, Map, String)","56","26"
"AbstractUserStoreManager.java:670 org.wso2.carbon.user.core.jdbc.JDBCUserStoreManager.doSetUserAttributes(String, Map, String)","36","27"
"JDBCUserStoreManager.java:2250 <...> com.sun.proxy.$Proxy53.commit()","20","28"
"JDBCUserStoreManager.java:2246 org.wso2.carbon.user.core.jdbc.JDBCUserStoreManager.addProperties(Connection, String, Map, String)","16","28"
"JDBCUserStoreManager.java:3322 org.wso2.carbon.utils.dbcreator.DatabaseCreator.getDatabaseType(Connection)","16","29"
"DatabaseCreator.java:200 <...> com.sun.proxy.$Proxy53.getMetaData()","16","30"
"AbstractUserStoreManager.java:665 org.wso2.carbon.user.core.common.AbstractUserStoreManager.resolveUserStoreAttributeValueMap(String, Map)","20","27"
"AbstractUserStoreManager.java:687","20","28"
"AbstractUserStoreManager.java:4012 org.wso2.carbon.identity.oauth.listener.IdentityOathEventListener.doPreSetUserClaimValues(String, Map, String, UserStoreManager)","40","25"
"IdentityOathEventListener.java:120 org.wso2.carbon.identity.oauth.listener.IdentityOathEventListener.removeTokensFromCache(String, UserStoreManager)","40","26"
"IdentityOathEventListener.java:427 org.wso2.carbon.identity.oauth.listener.IdentityOathEventListener.removeAccessTokensFromCache(Set)","20","27"
"IdentityOathEventListener.java:449 <...> java.lang.ClassLoader.loadClass(String)","20","28"
"IdentityOathEventListener.java:424 org.wso2.carbon.identity.oauth2.dao.AccessTokenDAOImpl.getAccessTokensByUserForOpenidScope(AuthenticatedUser)","20","27"
"AccessTokenDAOImpl.java:1367 <...> com.sun.proxy.$Proxy53.prepareStatement(String)","20","28"
"<16 calls> org.h2.jdbc.JdbcConnection.prepareStatement(String)","20","29"
"JdbcConnection.java:349 org.h2.jdbc.JdbcPreparedStatement.<init>(JdbcConnection, String, int, int, int, boolean, Object)","20","30"
"JdbcPreparedStatement.java:77 org.h2.jdbc.JdbcConnection.prepareCommand(String, int)","20","31"
"JdbcConnection.java:1292 org.h2.engine.Session.prepareCommand(String, int)","20","32"
"Session.java:565 org.h2.engine.Session.prepareLocal(String)","20","33"
"Session.java:627 org.h2.command.Parser.prepareCommand(String)","20","34"
"Parser.java:689 org.h2.command.dml.Select.prepare()","20","35"
"Select.java:1266 org.h2.command.dml.Select.preparePlan(boolean)","20","36"
"Select.java:1404 org.h2.command.dml.Optimizer.optimize(boolean)","20","37"
"Optimizer.java:240 org.h2.command.dml.Optimizer.calculateBestPlan()","20","38"
"Optimizer.java:86 org.h2.command.dml.Optimizer.calculateBruteForceAll()","20","39"
"Optimizer.java:110 org.h2.command.dml.Optimizer.testPlan(TableFilter[])","20","40"
"Optimizer.java:181 org.h2.table.Plan.calculateCost(Session, AllColumnsForPlan)","20","41"
"Plan.java:120 org.h2.table.TableFilter.getBestPlanItem(Session, TableFilter[], int, AllColumnsForPlan)","20","42"
"TableFilter.java:228 org.h2.table.TableView.getBestPlanItem(Session, int[], TableFilter[], int, SortOrder, AllColumnsForPlan)","20","43"
"TableView.java:267 org.h2.index.ViewIndex.<init>(TableView, ViewIndex, Session, int[], TableFilter[], int, SortOrder)","20","44"
"ViewIndex.java:103 org.h2.index.ViewIndex.getQuery(Session, int[], TableFilter[], int, SortOrder)","20","45"
"ViewIndex.java:393 org.h2.command.dml.Select.getPlanSQL(boolean)","20","46"
"Select.java:1502 org.h2.table.TableFilter.getPlanSQL(StringBuilder, boolean, boolean)","20","47"
"TableFilter.java:859 org.h2.index.BaseIndex.getPlanSQL()","20","48"
"BaseIndex.java:110 org.h2.schema.SchemaObjectBase.getSQL(boolean)","20","49"
"[SQL] SELECT DISTINCT ACCESS_TOKEN, REFRESH_TOKEN, ACCESS_TOKEN_TABLE.TOKEN_ID, TIME_CREATED, VALIDITY_PERIOD, REFRESH_TOKEN_TIME_CREATED, REFRESH_TOKEN_VALIDITY_PERIOD, CONSUMER_KEY, GRANT_TYPE FROM (SELECT ACCESS_TOKEN, REFRESH_TOKEN, GRANT_TYPE, CONSUMER_KEY_ID, TOKEN_ID, TIME_CREATED, VALIDITY_PERIOD, REFRESH_TOKEN_TIME_CREATED, REFRESH_TOKEN_VALIDITY_PERIOD FROM IDN_OAUTH2_ACCESS_TOKEN WHERE AUTHZ_USER=? AND TENANT_ID=? AND TOKEN_STATE=? AND USER_DOMAIN=?) ACCESS_TOKEN_TABLE JOIN IDN_OAUTH_CONSUMER_APPS ON ID = CONSUMER_KEY_ID LEFT JOIN IDN_OAUTH2_ACCESS_TOKEN_SCOPE ON ACCESS_TOKEN_TABLE.TOKEN_ID = IDN_OAUTH2_ACCESS_TOKEN_SCOPE.TOKEN_ID WHERE TOKEN_SCOPE=?","5","29"
"AbstractUserStoreManager.java:4012 org.wso2.carbon.identity.governance.listener.IdentityMgtEventListener.doPreSetUserClaimValues(String, Map, String, UserStoreManager)","20","25"
"IdentityMgtEventListener.java:152 org.wso2.carbon.identity.governance.listener.IdentityMgtEventListener.handleEvent(String, UserStoreManager, String, HashMap)","20","26"
"IdentityMgtEventListener.java:1608 org.wso2.carbon.identity.governance.listener.IdentityMgtEventListener.handleEvent(String, UserStoreManager, String, String, HashMap)","20","27"
"IdentityMgtEventListener.java:1620 org.wso2.carbon.identity.governance.listener.IdentityMgtEventListener.handleEvent(String, HashMap, UserStoreManager)","20","28"
"IdentityMgtEventListener.java:1644 org.wso2.carbon.identity.event.services.IdentityEventServiceImpl.handleEvent(Event)","20","29"
"IdentityEventServiceImpl.java:56 org.wso2.carbon.identity.recovery.handler.AdminForcedPasswordResetHandler.handleEvent(Event)","20","30"
"AdminForcedPasswordResetHandler.java:58 org.wso2.carbon.identity.recovery.handler.AdminForcedPasswordResetHandler.handleClaimUpdate(Map, UserStoreManager)","20","31"
"AdminForcedPasswordResetHandler.java:78 org.wso2.carbon.identity.recovery.util.Utils.getConnectorConfig(String, String)","20","32"
"Utils.java:525 org.wso2.carbon.identity.governance.IdentityGovernanceServiceImpl.getConfiguration(String[], String)","20","33"
"IdentityGovernanceServiceImpl.java:123 org.wso2.carbon.identity.governance.IdentityGovernanceServiceImpl.getConfiguration(String)","20","34"
"IdentityGovernanceServiceImpl.java:95 org.wso2.carbon.idp.mgt.IdentityProviderManager.getResidentIdP(String)","20","35"
"IdentityProviderManager.java:369 org.wso2.carbon.identity.application.common.model.IdentityProvider.setCertificate(String)","20","36"
"IdentityProvider.java:486 org.wso2.carbon.identity.application.common.model.IdentityProvider.setCertificateInfoArray(String)","20","37"
"IdentityProvider.java:519 org.wso2.carbon.identity.application.common.model.IdentityProvider.handleEncodedCertificate(String)","20","38"
"IdentityProvider.java:579 org.wso2.carbon.identity.application.common.model.IdentityProvider.createCertificateInfoForNoBeginCertificate(String)","20","39"
"IdentityProvider.java:594","20","40"
"AbstractUserStoreManager.java:4057 org.wso2.carbon.identity.oauth.listener.IdentityOathEventListener.doPostSetUserClaimValues(String, Map, String, UserStoreManager)","20","25"
"IdentityOathEventListener.java:145 org.wso2.carbon.identity.oauth.listener.IdentityOathEventListener.removeUserClaimsFromCache(String, UserStoreManager)","20","26"
"IdentityOathEventListener.java:467 <...> java.lang.ClassLoader.loadClass(String)","20","27"
"AbstractUserStoreManager.java:3996 org.wso2.carbon.user.core.jdbc.JDBCUserStoreManager.doCheckExistingUser(String)","20","25"
"JDBCUserStoreManager.java:1268 org.wso2.carbon.user.core.jdbc.JDBCUserStoreManager.isValueExisting(String, Connection, Object[])","20","26"
"JDBCUserStoreManager.java:1220 org.wso2.carbon.user.core.util.DatabaseUtil.getIntegerValueFromDatabase(Connection, String, Object[])","20","27"
"DatabaseUtil.java:839 <...> com.sun.proxy.$Proxy54.executeQuery()","20","28"
"[SQL] SELECT UM_ID FROM UM_USER WHERE UM_USER_NAME=? AND UM_TENANT_ID=?","2","29"
"TOTPAdminService.java:60 <...> java.lang.ClassLoader.loadClass(String)","16","22"
"<7 calls> Phase.java:340 org.wso2.carbon.server.admin.module.handler.AuthenticationHandler.invoke(MessageContext)","685","21"
"AuthenticationHandler.java:66 org.wso2.carbon.server.admin.module.handler.AuthenticationHandler.authenticate(MessageContext, String)","685","22"
"AuthenticationHandler.java:105 org.wso2.carbon.server.admin.module.handler.AuthenticationHandler.isAuthenticated(MessageContext, String)","685","23"
"AuthenticationHandler.java:180 org.wso2.carbon.core.services.authentication.AbstractAuthenticator.authenticate(MessageContext)","641","24"
"AbstractAuthenticator.java:144 org.wso2.carbon.core.services.authentication.BasicAccessAuthenticator.doAuthentication(String, int, MessageContext)","433","25"
"BasicAccessAuthenticator.java:182 org.wso2.carbon.user.core.common.AbstractUserStoreManager.authenticate(String, Object)","389","26"
"AbstractUserStoreManager.java:1166 java.security.AccessController.doPrivileged(PrivilegedExceptionAction)","389","27"
"AccessController.java (native) org.wso2.carbon.user.core.common.AbstractUserStoreManager$$Lambda$620.run()","389","28"
"org.wso2.carbon.user.core.common.AbstractUserStoreManager.lambda$authenticate$0(String, Object)","389","29"
"AbstractUserStoreManager.java:1173 org.wso2.carbon.user.core.common.AbstractUserStoreManager.authenticate(String, Object, boolean)","389","30"
"AbstractUserStoreManager.java:1189 java.security.AccessController.doPrivileged(PrivilegedExceptionAction)","389","31"
"AccessController.java (native) org.wso2.carbon.user.core.common.AbstractUserStoreManager$$Lambda$621.run()","389","32"
"org.wso2.carbon.user.core.common.AbstractUserStoreManager.lambda$authenticate$1(String, Object, boolean)","389","33"
"AbstractUserStoreManager.java:1190 org.wso2.carbon.user.core.common.AbstractUserStoreManager.authenticateInternalIteration(String, Object, boolean)","389","34"
"AbstractUserStoreManager.java:1209 org.wso2.carbon.user.core.common.AbstractUserStoreManager.authenticateInternal(String, Object, boolean)","389","35"
"AbstractUserStoreManager.java:1373 org.wso2.carbon.identity.governance.listener.IdentityMgtEventListener.doPreAuthenticate(String, Object, UserStoreManager)","236","36"
"IdentityMgtEventListener.java:101 org.wso2.carbon.identity.governance.listener.IdentityMgtEventListener.handleEvent(String, UserStoreManager, String, HashMap)","236","37"
"IdentityMgtEventListener.java:1608 org.wso2.carbon.identity.governance.listener.IdentityMgtEventListener.handleEvent(String, UserStoreManager, String, String, HashMap)","236","38"
"IdentityMgtEventListener.java:1620 org.wso2.carbon.identity.governance.listener.IdentityMgtEventListener.handleEvent(String, HashMap, UserStoreManager)","236","39"
"IdentityMgtEventListener.java:1644 org.wso2.carbon.identity.event.services.IdentityEventServiceImpl.handleEvent(Event)","236","40"
"IdentityEventServiceImpl.java:56 org.wso2.carbon.identity.handler.event.account.lock.AccountDisableHandler.handleEvent(Event)","216","41"
"AccountDisableHandler.java:131 org.wso2.carbon.identity.handler.event.account.lock.util.AccountUtil.getConnectorConfig(String, String)","216","42"
"AccountUtil.java:72 org.wso2.carbon.identity.governance.IdentityGovernanceServiceImpl.getConfiguration(String[], String)","216","43"
"IdentityGovernanceServiceImpl.java:123 org.wso2.carbon.identity.governance.IdentityGovernanceServiceImpl.getConfiguration(String)","216","44"
"IdentityGovernanceServiceImpl.java:95 org.wso2.carbon.idp.mgt.IdentityProviderManager.getResidentIdP(String)","216","45"
"IdentityProviderManager.java:324 org.wso2.carbon.idp.mgt.dao.CacheBackedIdPMgtDAO.getIdPByName(Connection, String, int, String)","200","46"
"CacheBackedIdPMgtDAO.java:162 org.wso2.carbon.idp.mgt.dao.IdPManagementDAO.getIdPByName(Connection, String, int, String)","200","47"
"IdPManagementDAO.java:1487 org.wso2.carbon.idp.mgt.dao.IdPManagementDAO.getIDP(Connection, String, int, String, int, String)","200","48"
"IdPManagementDAO.java:1540 org.wso2.carbon.identity.core.util.IdentityDatabaseUtil.getDBConnection(boolean)","160","49"
"IdPManagementDAO.java:1666 org.wso2.carbon.idp.mgt.dao.IdPManagementDAO.getPermissionsAndRoleConfiguration(Connection, String, int, int)","20","49"
"IdPManagementDAO.java:1673 org.wso2.carbon.idp.mgt.dao.IdPManagementDAO.resolveConnectorProperties(List, String)","20","49"
"IdPManagementDAO.java:3650 org.wso2.carbon.idp.mgt.dao.IdPManagementDAO.getConnectorProperties(String)","20","50"
"IdPManagementDAO.java:3686 org.wso2.carbon.identity.piicontroller.connector.ConsentMgtConfigImpl.getDefaultPropertyValues(String)","20","51"
"ConsentMgtConfigImpl.java:169 org.wso2.carbon.identity.piicontroller.connector.ConsentMgtConfigImpl.getConfiguration(String)","20","52"
"ConsentMgtConfigImpl.java:212 org.wso2.carbon.consent.mgt.core.util.ConsentConfigParser.<init>()","20","53"
"ConsentConfigParser.java:54 org.wso2.carbon.consent.mgt.core.util.ConsentConfigParser.buildConfiguration()","20","54"
"IdentityProviderManager.java:355 org.wso2.carbon.core.util.KeyStoreManager.getDefaultPrimaryCertificate()","16","46"
"IdentityEventServiceImpl.java:56 org.wso2.carbon.identity.handler.event.account.lock.AccountLockHandler.handleEvent(Event)","20","41"
"AbstractUserStoreManager.java:1474 org.wso2.carbon.identity.governance.listener.IdentityMgtEventListener.doPostAuthenticate(String, boolean, UserStoreManager)","96","36"
"IdentityMgtEventListener.java:128 org.wso2.carbon.identity.governance.listener.IdentityMgtEventListener.handleEvent(String, UserStoreManager, String, HashMap)","64","37"
"IdentityMgtEventListener.java:1608 org.wso2.carbon.identity.governance.listener.IdentityMgtEventListener.handleEvent(String, UserStoreManager, String, String, HashMap)","64","38"
"IdentityMgtEventListener.java:1620 org.wso2.carbon.identity.governance.listener.IdentityMgtEventListener.handleEvent(String, HashMap, UserStoreManager)","64","39"
"IdentityMgtEventListener.java:1644 org.wso2.carbon.identity.event.services.IdentityEventServiceImpl.handleEvent(Event)","64","40"
"IdentityEventServiceImpl.java:56 org.wso2.carbon.identity.account.suspension.notification.task.handler.AccountSuspensionNotificationHandler.handleEvent(Event)","64","41"
"AccountSuspensionNotificationHandler.java:53 org.wso2.carbon.identity.account.suspension.notification.task.handler.AccountSuspensionNotificationHandler.isSuspensionNotificationEnabled(Event)","64","42"
"IdentityMgtEventListener.java:115 org.wso2.carbon.identity.governance.listener.IdentityMgtEventListener.isUserExistsInDomain(UserStoreManager, String, boolean)","32","37"
"IdentityMgtEventListener.java:1712 <...> java.lang.ClassLoader.loadClass(String)","32","38"
"AbstractUserStoreManager.java:1419 org.wso2.carbon.user.core.ldap.UniqueIDReadOnlyLDAPUserStoreManager.doAuthenticateWithID(String, String, Object, String)","37","36"
"UniqueIDReadOnlyLDAPUserStoreManager.java:286 org.wso2.carbon.user.core.ldap.ReadOnlyLDAPUserStoreManager.getUserListFromProperties(String, String, String)","33","37"
"UniqueIDReadOnlyLDAPUserStoreManager.java:301 org.wso2.carbon.user.core.ldap.ReadOnlyLDAPUserStoreManager.doAuthenticate(String, Object)","4","37"
"ReadOnlyLDAPUserStoreManager.java:546 org.wso2.carbon.user.core.ldap.ReadOnlyLDAPUserStoreManager.bindAsUser(String, String, Object)","4","38"
"ReadOnlyLDAPUserStoreManager.java:1409 org.wso2.carbon.user.core.ldap.LDAPConnectionContext.getContextWithCredentials(String, Object)","4","39"
"LDAPConnectionContext.java:582 org.wso2.carbon.user.core.ldap.LDAPConnectionContext.getContextForEnvironmentVariables(Hashtable)","4","40"
"LDAPConnectionContext.java:598 org.wso2.carbon.user.core.ldap.LDAPConnectionContext.getLdapContext(Hashtable, Control[])","4","41"
"LDAPConnectionContext.java:702 org.wso2.carbon.user.core.ldap.LDAPConnectionContext.initializeLdapContext(Hashtable, Control[])","4","42"
"AbstractUserStoreManager.java:1336","20","36"
"BasicAccessAuthenticator.java:164 org.wso2.carbon.core.services.authentication.AuthenticatorHelper.getUserRealm(int, RealmService, RegistryService)","44","26"
"AuthenticatorHelper.java:47","24","27"
"AuthenticatorHelper.java:47 <...> java.lang.ClassLoader.loadClass(String)","20","27"
"AbstractAuthenticator.java:171 org.wso2.carbon.core.services.authentication.AbstractAuthenticator.onSuccessLogin(String, int, String, String, MessageContext)","100","25"
"AbstractAuthenticator.java:231 org.wso2.carbon.core.services.util.CarbonAuthenticationUtil.onSuccessAdminLogin(HttpSession, String, int, String, String)","60","26"
"CarbonAuthenticationUtil.java:91 org.wso2.carbon.core.services.util.CarbonAuthenticationUtil.initializeLoggedInUserRegistry(HttpSession, String, int, String)","40","27"
"CarbonAuthenticationUtil.java:169 <...> java.lang.ClassLoader.loadClass(String)","20","28"
"CarbonAuthenticationUtil.java:151 org.wso2.carbon.registry.core.jdbc.EmbeddedRegistryService.getGovernanceSystemRegistry(int)","20","28"
"EmbeddedRegistryService.java:517 org.wso2.carbon.registry.core.jdbc.EmbeddedRegistryService.getSystemRegistry(int, String)","20","29"
"EmbeddedRegistryService.java:292 org.wso2.carbon.registry.core.jdbc.EmbeddedRegistryService.getUserRegistry(String, int, String)","20","30"
"EmbeddedRegistryService.java:427 org.wso2.carbon.registry.core.session.UserRegistry.<init>(String, int, Registry, RealmService, String)","20","31"
"UserRegistry.java:237 org.wso2.carbon.registry.core.session.UserRegistry.<init>(String, int, Registry, RealmService, String, boolean)","20","32"
"UserRegistry.java:258 java.security.AccessController.doPrivileged(PrivilegedExceptionAction)","20","33"
"AccessController.java (native) org.wso2.carbon.registry.core.session.UserRegistry$2.run()","20","34"
"UserRegistry.java:261 org.wso2.carbon.registry.core.session.UserRegistry.access$100(UserRegistry, String, int, Registry, RealmService, String, boolean)","20","35"
"UserRegistry.java:73 org.wso2.carbon.registry.core.session.UserRegistry.init(String, int, Registry, RealmService, String, boolean)","20","36"
"UserRegistry.java:340 org.wso2.carbon.registry.core.session.UserRegistry.addRootCollection()","20","37"
"UserRegistry.java:391 org.wso2.carbon.registry.core.caching.CacheBackedRegistry.getRegistryContext()","20","38"
"CacheBackedRegistry.java:519 org.wso2.carbon.registry.core.jdbc.EmbeddedRegistry.getRegistryContext()","20","39"
"EmbeddedRegistry.java:470 org.wso2.carbon.registry.core.jdbc.handlers.HandlerLifecycleManager.getRegistryContext(RequestContext)","20","40"
"HandlerLifecycleManager.java:1263 org.wso2.carbon.registry.core.jdbc.handlers.UserDefinedHandlerManager.getRegistryContext(RequestContext)","20","41"
"UserDefinedHandlerManager.java:264 org.wso2.carbon.registry.core.jdbc.handlers.HandlerManager.getRegistryContext(RequestContext)","20","42"
"HandlerManager.java:3187 org.wso2.carbon.registry.core.jdbc.handlers.builtin.MountHandler.getRegistryContext(RequestContext)","20","43"
"MountHandler.java:359 org.wso2.carbon.registry.core.session.UserRegistry.getRegistryContext()","20","44"
"UserRegistry.java:559 org.wso2.carbon.registry.core.jdbc.EmbeddedRegistry.getRegistryContext()","20","45"
"EmbeddedRegistry.java:470 org.wso2.carbon.registry.core.jdbc.handlers.HandlerLifecycleManager.getRegistryContext(RequestContext)","20","46"
"HandlerLifecycleManager.java:1259 org.wso2.carbon.registry.core.jdbc.handlers.HandlerManager.getRegistryContext(RequestContext)","20","47"
"HandlerManager.java:3189 org.wso2.carbon.registry.core.jdbc.handlers.RequestContext.setExecutionStatus(Handler, boolean)","20","48"
"RequestContext.java:874 java.lang.Object.getClass()","20","49"
"CarbonAuthenticationUtil.java:94 <...> java.text.SimpleDateFormat.<init>(String)","20","27"
"AbstractAuthenticator.java:231 <...> java.lang.ClassLoader.loadClass(String)","40","26"
"AbstractAuthenticator.java:102 <...> java.lang.ClassLoader.loadClass(String)","44","25"
"AbstractAuthenticator.java:93 org.wso2.carbon.core.services.authentication.BasicAccessAuthenticator.getUserNameFromRequest(MessageContext)","40","25"
"BasicAccessAuthenticator.java:65 org.wso2.carbon.core.services.authentication.BasicAccessAuthenticator.decodeAuthorizationHeader(String)","40","26"
"BasicAccessAuthenticator.java:141 <...> java.lang.ClassLoader.loadClass(String)","40","27"
"AbstractAuthenticator.java:165 <...> java.lang.ClassLoader.loadClass(String)","24","25"
"AuthenticationHandler.java:159 org.wso2.carbon.server.admin.auth.AuthenticatorServerRegistry.getCarbonAuthenticator(MessageContext)","44","24"
"AuthenticatorServerRegistry.java:98 <...> java.util.Arrays.sort(Object[], Comparator)","44","25"
"<2 calls> TimSort.java:356 org.wso2.carbon.server.admin.auth.AuthenticatorComparator.compare(Object, Object)","44","26"
"AuthenticatorComparator.java:26 org.wso2.carbon.server.admin.auth.AuthenticatorComparator.compare(BackendAuthenticator, BackendAuthenticator)","44","27"
"AuthenticatorComparator.java:30 org.wso2.carbon.core.services.authentication.CookieAuthenticator.getPriority()","44","28"
"CookieAuthenticator.java:168 org.wso2.carbon.core.services.authentication.AbstractAuthenticator.getPriority()","44","29"
"AbstractAuthenticator.java:402 <...> java.lang.ClassLoader.loadClass(String)","44","30"
"<7 calls> Phase.java:340 org.wso2.carbon.server.admin.module.handler.AuthorizationHandler.invoke(MessageContext)","84","21"
"AuthorizationHandler.java:87 org.wso2.carbon.server.admin.module.handler.AuthorizationHandler.doAuthorization(MessageContext, String, String, String, String)","84","22"
"AuthorizationHandler.java:120 org.wso2.carbon.server.admin.module.handler.AuthorizationHandler.isAuthorized(AuthorizationManager, String, String, String)","84","23"
"AuthorizationHandler.java:142 org.wso2.carbon.registry.core.jdbc.realm.RegistryAuthorizationManager.isUserAuthorized(String, String, String)","84","24"
"RegistryAuthorizationManager.java:200 org.wso2.carbon.user.core.authorization.JDBCAuthorizationManager.isUserAuthorized(String, String, String)","84","25"
"JDBCAuthorizationManager.java:201 org.wso2.carbon.user.core.authorization.JDBCAuthorizationManager.callSecure(String, Object[], Class[])","84","26"
"JDBCAuthorizationManager.java:1481 java.security.AccessController.doPrivileged(PrivilegedExceptionAction)","84","27"
"AccessController.java (native) org.wso2.carbon.user.core.authorization.JDBCAuthorizationManager$2.run()","84","28"
"JDBCAuthorizationManager.java:1484 <...> java.lang.reflect.Method.invoke(Object, Object[])","84","29"
"<2 calls> org.wso2.carbon.user.core.authorization.JDBCAuthorizationManager.isUserAuthorized(String, String, String)","84","30"
"JDBCAuthorizationManager.java:240 org.wso2.carbon.user.core.authorization.PermissionTree.updatePermissionTree()","84","31"
"PermissionTree.java:961 org.wso2.carbon.user.core.authorization.PermissionTree.updatePermissionTree(String)","84","32"
"PermissionTree.java:1006 org.wso2.carbon.user.core.authorization.PermissionTree.updatePermissionTreeFromDB()","84","33"
"PermissionTree.java:1120 org.wso2.carbon.user.core.authorization.PermissionTree.getDBConnection()","64","34"
"PermissionTree.java:1209 <...> org.apache.tomcat.jdbc.pool.DataSourceProxy.getConnection()","64","35"
"<5 calls> PooledConnection.java:319 org.h2.Driver.connect(String, Properties)","64","36"
"Driver.java:69 org.h2.jdbc.JdbcConnection.<init>(String, Properties)","64","37"
"JdbcConnection.java:148 org.h2.jdbc.JdbcConnection.<init>(ConnectionInfo, boolean)","64","38"
"JdbcConnection.java:169 org.h2.engine.SessionRemote.connectEmbeddedOrServer(boolean)","64","39"
"SessionRemote.java:336 org.h2.engine.Engine.createSession(ConnectionInfo)","64","40"
"Engine.java:31 org.h2.engine.Engine.createSession(ConnectionInfo)","64","41"
"Engine.java:161 org.h2.engine.Engine.createSessionAndValidate(ConnectionInfo)","64","42"
"Engine.java:178 org.h2.engine.Engine.openSession(ConnectionInfo)","64","43"
"Engine.java:201 org.h2.engine.Engine.openSession(ConnectionInfo, boolean, String)","64","44"
"PermissionTree.java:1130 <...> com.sun.proxy.$Proxy54.executeQuery()","20","34"
"[SQL] SELECT UM_ROLE_NAME, UM_RESOURCE_ID, UM_IS_ALLOWED, UM_ACTION, UM_DOMAIN_NAME FROM UM_PERMISSION, UM_ROLE_PERMISSION, UM_DOMAIN WHERE UM_ROLE_PERMISSION.UM_PERMISSION_ID=UM_PERMISSION.UM_ID AND UM_ROLE_PERMISSION.UM_DOMAIN_ID=UM_DOMAIN.UM_DOMAIN_ID AND UM_PERMISSION.UM_TENANT_ID=? AND UM_ROLE_PERMISSION.UM_TENANT_ID=?","6","35"
"<9 calls> DispatchPhase.java:319 org.wso2.carbon.utils.transport.AbstractTransportListener.getSessionContext(MessageContext)","44","21"
"AbstractTransportListener.java:173 org.wso2.carbon.utils.SessionContextUtil.createSessionContext(MessageContext)","44","22"
"SessionContextUtil.java:45 <...> org.eclipse.equinox.http.servlet.internal.HttpServletRequestAdaptor.getSession(boolean)","44","23"
"TenantContextRewriteValve.java:86 <...> java.lang.ClassLoader.loadClass(String)","40","14"
"AuthenticationValve.java:78 <...> java.lang.ClassLoader.loadClass(String)","20","12"
"CarbonContextCreatorValve.java:56 org.wso2.carbon.tomcat.ext.valves.CarbonContextCreatorValve.initCarbonContext(Request)","24","6"
"CarbonContextCreatorValve.java:96 <...> java.lang.ClassLoader.loadClass(String)","24","7"
"<6 calls> Executors.java:511 org.wso2.carbon.core.deployment.CarbonDeploymentSchedulerTask.run()","416","3"
"CarbonDeploymentSchedulerTask.java:138 org.wso2.carbon.core.deployment.CarbonDeploymentSchedulerTask.runAxisDeployment()","416","4"
"CarbonDeploymentSchedulerTask.java:93 <...> org.apache.axis2.deployment.scheduler.SchedulerTask.run()","416","5"
"<3 calls> FutureTask.java:266 org.wso2.carbon.humantask.core.scheduler.SimpleScheduler$1.call()","331","3"
"SimpleScheduler.java:146 org.wso2.carbon.humantask.core.scheduler.SimpleScheduler$1.call()","331","4"
"SimpleScheduler.java:149 org.wso2.carbon.humantask.core.scheduler.SimpleScheduler$LoadImmediateTask.run()","331","5"
"SimpleScheduler.java:297 org.wso2.carbon.humantask.core.scheduler.SimpleScheduler.doLoadImmediate()","331","6"
"SimpleScheduler.java:342 org.wso2.carbon.humantask.core.scheduler.SimpleScheduler.execTransaction(Callable)","331","7"
"SimpleScheduler.java:828 org.wso2.carbon.humantask.core.scheduler.SimpleScheduler.execTransaction(Callable, int)","331","8"
"<37 calls> org.h2.jdbc.JdbcConnection.prepareStatement(String, int, int)","128","3"
"JdbcConnection.java:739 <...> com.yourkit.probes.builtin.Databases$Connection_prepareStatement_Probe.onExit(long, Object, String, Object, Throwable)","128","4"
"<13 calls> a:17 com.yourkit.af.at.<init>(Class, String, Class[])","24","5"
"a:60 com.yourkit.af.at.getDeclaredMethod(Class, String, Class[])","24","6"
"a:197 <...> java.lang.Class.getDeclaredMethod(String, Class[])","24","7"
"<...> org.apache.geronimo.transaction.manager.TransactionTimer$CurrentTime.run()","64620","2"
"org.wso2.carbon.registry.core.utils.LogWriter.run()","64620","2"
"<...> java.util.TimerThread.run()","220","2"
"<7 calls> PooledConnection.java:388 org.h2.jdbc.JdbcConnection.close()","220","3"
"JdbcConnection.java:456 org.h2.engine.Session.close()","220","4"
"Session.java:904 org.h2.engine.Database.removeSession(Session)","220","5"
"Database.java:1381 org.h2.engine.Database.close(boolean)","220","6"
"Database.java:1417 org.h2.engine.Database.closeImpl(boolean)","220","7"
"Database.java:1509 org.h2.engine.Database.closeOpenFilesAndUnlock(boolean)","200","8"
"Database.java:1604 org.h2.mvstore.db.MVTableEngine$Store.compactFile(long)","200","9"
"MVTableEngine.java:360 org.h2.mvstore.MVStore.compact(int, int)","148","10"
"MVStore.java:2041 org.h2.mvstore.MVStore.compactRewrite(Iterable)","148","11"
"MVStore.java:2164 org.h2.mvstore.MVMap.rewrite(Set)","88","12"
"MVMap.java:590 org.h2.mvstore.MVMap.rewrite(Page, Set)","88","13"
"MVMap.java:615 org.h2.mvstore.MVMap.rewrite(Page, Set)","48","14"
"MVMap.java:615 org.h2.mvstore.Page$NonLeaf.getChildPage(int)","28","15"
"MVMap.java:601 org.h2.mvstore.MVMap.rewritePage(Page)","20","15"
"MVMap.java:615 org.h2.mvstore.Page$NonLeaf.getChildPage(int)","40","14"
"MVStore.java:2169 org.h2.mvstore.MVStore.commit()","60","12"
"MVTableEngine.java:362 org.h2.mvstore.MVStore.compactMoveChunks(int, long)","52","10"
"Database.java:1471 org.h2.engine.Database.removeOrphanedLobs()","20","8"
"Database.java:1544 org.h2.store.LobStorageMap.removeAllForTable(int)","20","9"
"LobStorageMap.java:309 org.h2.store.LobStorageMap.removeAllForTable(int)","20","10"
"LobStorageMap.java:306 org.h2.store.LobStorageMap.removeLob(int, long)","20","11"
"LobStorageMap.java:326 org.h2.mvstore.MVMap.remove(Object)","20","12"
"MVMap.java:446 org.h2.mvstore.MVMap.operate(Object, Object, MVMap$DecisionMaker)","20","13"
"<...> java.lang.ref.Finalizer$FinalizerThread.run()","4","2"
"org.h2.mvstore.MVStore$BackgroundWriterThread.run()","4","2"
"MVStore.java:3123 org.h2.mvstore.MVStore.writeInBackground()","4","3"
"MVStore.java:2763 org.h2.mvstore.MVStore.tryCommit()","4","4"
"MVStore.java:1135 org.h2.mvstore.MVStore.store()","4","5"
"MVStore.java:1176 org.h2.mvstore.MVStore.hasUnsavedChangesInternal()","4","6"
"MVStore.java:1803 org.h2.mvstore.MVStore.hasUnsavedChanges()","4","7"
